dataset_id,dataset_filepath,graph_id,graph_filepath,n_nodes,n_trajectories,trajectory_len,sampling_frequency,sync,allow_self_parent,attractor_state_percentage
0,biological/results/generated_trajectories/sweep_neuro/sync1_self0_f1_t5_l50_r0.txt,neuro,biological/results/graphs/sweep_neuro/neuro_groundtruth.txt,14,5,50,1,True,False,0.913725
1,biological/results/generated_trajectories/sweep_neuro/sync1_self0_f1_t5_l50_r1.txt,neuro,biological/results/graphs/sweep_neuro/neuro_groundtruth.txt,14,5,50,1,True,False,0.909804
2,biological/results/generated_trajectories/sweep_neuro/sync1_self0_f1_t5_l50_r2.txt,neuro,biological/results/graphs/sweep_neuro/neuro_groundtruth.txt,14,5,50,1,True,False,0.909804
3,biological/results/generated_trajectories/sweep_neuro/sync1_self0_f1_t5_l100_r0.txt,neuro,biological/results/graphs/sweep_neuro/neuro_groundtruth.txt,14,5,100,1,True,False,0.952475
4,biological/results/generated_trajectories/sweep_neuro/sync1_self0_f1_t5_l100_r1.txt,neuro,biological/results/graphs/sweep_neuro/neuro_groundtruth.txt,14,5,100,1,True,False,0.960396
5,biological/results/generated_trajectories/sweep_neuro/sync1_self0_f1_t5_l100_r2.txt,neuro,biological/results/graphs/sweep_neuro/neuro_groundtruth.txt,14,5,100,1,True,False,0.956436
6,biological/results/generated_trajectories/sweep_neuro/sync1_self0_f1_t5_l150_r0.txt,neuro,biological/results/graphs/sweep_neuro/neuro_groundtruth.txt,14,5,150,1,True,False,0.968212
7,biological/results/generated_trajectories/sweep_neuro/sync1_self0_f1_t5_l150_r1.txt,neuro,biological/results/graphs/sweep_neuro/neuro_groundtruth.txt,14,5,150,1,True,False,0.973510
8,biological/results/generated_trajectories/sweep_neuro/sync1_self0_f1_t5_l150_r2.txt,neuro,biological/results/graphs/sweep_neuro/neuro_groundtruth.txt,14,5,150,1,True,False,0.973510
9,biological/results/generated_trajectories/sweep_neuro/sync1_self0_f1_t5_l200_r0.txt,neuro,biological/results/graphs/sweep_neuro/neuro_groundtruth.txt,14,5,200,1,True,False,0.977114
10,biological/results/generated_trajectories/sweep_neuro/sync1_self0_f1_t5_l200_r1.txt,neuro,biological/results/graphs/sweep_neuro/neuro_groundtruth.txt,14,5,200,1,True,False,0.977114
11,biological/results/generated_trajectories/sweep_neuro/sync1_self0_f1_t5_l200_r2.txt,neuro,biological/results/graphs/sweep_neuro/neuro_groundtruth.txt,14,5,200,1,True,False,0.979104
12,biological/results/generated_trajectories/sweep_neuro/sync1_self0_f1_t10_l50_r0.txt,neuro,biological/results/graphs/sweep_neuro/neuro_groundtruth.txt,14,10,50,1,True,False,0.915686
13,biological/results/generated_trajectories/sweep_neuro/sync1_self0_f1_t10_l50_r1.txt,neuro,biological/results/graphs/sweep_neuro/neuro_groundtruth.txt,14,10,50,1,True,False,0.911765
14,biological/results/generated_trajectories/sweep_neuro/sync1_self0_f1_t10_l50_r2.txt,neuro,biological/results/graphs/sweep_neuro/neuro_groundtruth.txt,14,10,50,1,True,False,0.915686
15,biological/results/generated_trajectories/sweep_neuro/sync1_self0_f1_t10_l100_r0.txt,neuro,biological/results/graphs/sweep_neuro/neuro_groundtruth.txt,14,10,100,1,True,False,0.953465
16,biological/results/generated_trajectories/sweep_neuro/sync1_self0_f1_t10_l100_r1.txt,neuro,biological/results/graphs/sweep_neuro/neuro_groundtruth.txt,14,10,100,1,True,False,0.959406
17,biological/results/generated_trajectories/sweep_neuro/sync1_self0_f1_t10_l100_r2.txt,neuro,biological/results/graphs/sweep_neuro/neuro_groundtruth.txt,14,10,100,1,True,False,0.955446
18,biological/results/generated_trajectories/sweep_neuro/sync1_self0_f1_t10_l150_r0.txt,neuro,biological/results/graphs/sweep_neuro/neuro_groundtruth.txt,14,10,150,1,True,False,0.970861
19,biological/results/generated_trajectories/sweep_neuro/sync1_self0_f1_t10_l150_r1.txt,neuro,biological/results/graphs/sweep_neuro/neuro_groundtruth.txt,14,10,150,1,True,False,0.972848
20,biological/results/generated_trajectories/sweep_neuro/sync1_self0_f1_t10_l150_r2.txt,neuro,biological/results/graphs/sweep_neuro/neuro_groundtruth.txt,14,10,150,1,True,False,0.971523
21,biological/results/generated_trajectories/sweep_neuro/sync1_self0_f1_t10_l200_r0.txt,neuro,biological/results/graphs/sweep_neuro/neuro_groundtruth.txt,14,10,200,1,True,False,0.978607
22,biological/results/generated_trajectories/sweep_neuro/sync1_self0_f1_t10_l200_r1.txt,neuro,biological/results/graphs/sweep_neuro/neuro_groundtruth.txt,14,10,200,1,True,False,0.978109
23,biological/results/generated_trajectories/sweep_neuro/sync1_self0_f1_t10_l200_r2.txt,neuro,biological/results/graphs/sweep_neuro/neuro_groundtruth.txt,14,10,200,1,True,False,0.980597
24,biological/results/generated_trajectories/sweep_neuro/sync1_self0_f1_t15_l50_r0.txt,neuro,biological/results/graphs/sweep_neuro/neuro_groundtruth.txt,14,15,50,1,True,False,0.925490
25,biological/results/generated_trajectories/sweep_neuro/sync1_self0_f1_t15_l50_r1.txt,neuro,biological/results/graphs/sweep_neuro/neuro_groundtruth.txt,14,15,50,1,True,False,0.909804
26,biological/results/generated_trajectories/sweep_neuro/sync1_self0_f1_t15_l50_r2.txt,neuro,biological/results/graphs/sweep_neuro/neuro_groundtruth.txt,14,15,50,1,True,False,0.916340
27,biological/results/generated_trajectories/sweep_neuro/sync1_self0_f1_t15_l100_r0.txt,neuro,biological/results/graphs/sweep_neuro/neuro_groundtruth.txt,14,15,100,1,True,False,0.955116
28,biological/results/generated_trajectories/sweep_neuro/sync1_self0_f1_t15_l100_r1.txt,neuro,biological/results/graphs/sweep_neuro/neuro_groundtruth.txt,14,15,100,1,True,False,0.958416
29,biological/results/generated_trajectories/sweep_neuro/sync1_self0_f1_t15_l100_r2.txt,neuro,biological/results/graphs/sweep_neuro/neuro_groundtruth.txt,14,15,100,1,True,False,0.957096
30,biological/results/generated_trajectories/sweep_neuro/sync1_self0_f1_t15_l150_r0.txt,neuro,biological/results/graphs/sweep_neuro/neuro_groundtruth.txt,14,15,150,1,True,False,0.972627
31,biological/results/generated_trajectories/sweep_neuro/sync1_self0_f1_t15_l150_r1.txt,neuro,biological/results/graphs/sweep_neuro/neuro_groundtruth.txt,14,15,150,1,True,False,0.972185
32,biological/results/generated_trajectories/sweep_neuro/sync1_self0_f1_t15_l150_r2.txt,neuro,biological/results/graphs/sweep_neuro/neuro_groundtruth.txt,14,15,150,1,True,False,0.971302
33,biological/results/generated_trajectories/sweep_neuro/sync1_self0_f1_t15_l200_r0.txt,neuro,biological/results/graphs/sweep_neuro/neuro_groundtruth.txt,14,15,200,1,True,False,0.978109
34,biological/results/generated_trajectories/sweep_neuro/sync1_self0_f1_t15_l200_r1.txt,neuro,biological/results/graphs/sweep_neuro/neuro_groundtruth.txt,14,15,200,1,True,False,0.978109
35,biological/results/generated_trajectories/sweep_neuro/sync1_self0_f1_t15_l200_r2.txt,neuro,biological/results/graphs/sweep_neuro/neuro_groundtruth.txt,14,15,200,1,True,False,0.980100
36,biological/results/generated_trajectories/sweep_neuro/sync1_self0_f1_t20_l50_r0.txt,neuro,biological/results/graphs/sweep_neuro/neuro_groundtruth.txt,14,20,50,1,True,False,0.923529
37,biological/results/generated_trajectories/sweep_neuro/sync1_self0_f1_t20_l50_r1.txt,neuro,biological/results/graphs/sweep_neuro/neuro_groundtruth.txt,14,20,50,1,True,False,0.910784
38,biological/results/generated_trajectories/sweep_neuro/sync1_self0_f1_t20_l50_r2.txt,neuro,biological/results/graphs/sweep_neuro/neuro_groundtruth.txt,14,20,50,1,True,False,0.914706
39,biological/results/generated_trajectories/sweep_neuro/sync1_self0_f1_t20_l100_r0.txt,neuro,biological/results/graphs/sweep_neuro/neuro_groundtruth.txt,14,20,100,1,True,False,0.956436
40,biological/results/generated_trajectories/sweep_neuro/sync1_self0_f1_t20_l100_r1.txt,neuro,biological/results/graphs/sweep_neuro/neuro_groundtruth.txt,14,20,100,1,True,False,0.958416
41,biological/results/generated_trajectories/sweep_neuro/sync1_self0_f1_t20_l100_r2.txt,neuro,biological/results/graphs/sweep_neuro/neuro_groundtruth.txt,14,20,100,1,True,False,0.957921
42,biological/results/generated_trajectories/sweep_neuro/sync1_self0_f1_t20_l150_r0.txt,neuro,biological/results/graphs/sweep_neuro/neuro_groundtruth.txt,14,20,150,1,True,False,0.972185
43,biological/results/generated_trajectories/sweep_neuro/sync1_self0_f1_t20_l150_r1.txt,neuro,biological/results/graphs/sweep_neuro/neuro_groundtruth.txt,14,20,150,1,True,False,0.971192
44,biological/results/generated_trajectories/sweep_neuro/sync1_self0_f1_t20_l150_r2.txt,neuro,biological/results/graphs/sweep_neuro/neuro_groundtruth.txt,14,20,150,1,True,False,0.971192
45,biological/results/generated_trajectories/sweep_neuro/sync1_self0_f1_t20_l200_r0.txt,neuro,biological/results/graphs/sweep_neuro/neuro_groundtruth.txt,14,20,200,1,True,False,0.978109
46,biological/results/generated_trajectories/sweep_neuro/sync1_self0_f1_t20_l200_r1.txt,neuro,biological/results/graphs/sweep_neuro/neuro_groundtruth.txt,14,20,200,1,True,False,0.978607
47,biological/results/generated_trajectories/sweep_neuro/sync1_self0_f1_t20_l200_r2.txt,neuro,biological/results/graphs/sweep_neuro/neuro_groundtruth.txt,14,20,200,1,True,False,0.980100
48,biological/results/generated_trajectories/sweep_neuro/sync1_self0_f1_t25_l50_r0.txt,neuro,biological/results/graphs/sweep_neuro/neuro_groundtruth.txt,14,25,50,1,True,False,0.922353
49,biological/results/generated_trajectories/sweep_neuro/sync1_self0_f1_t25_l50_r1.txt,neuro,biological/results/graphs/sweep_neuro/neuro_groundtruth.txt,14,25,50,1,True,False,0.909804
50,biological/results/generated_trajectories/sweep_neuro/sync1_self0_f1_t25_l50_r2.txt,neuro,biological/results/graphs/sweep_neuro/neuro_groundtruth.txt,14,25,50,1,True,False,0.915294
51,biological/results/generated_trajectories/sweep_neuro/sync1_self0_f1_t25_l100_r0.txt,neuro,biological/results/graphs/sweep_neuro/neuro_groundtruth.txt,14,25,100,1,True,False,0.956832
52,biological/results/generated_trajectories/sweep_neuro/sync1_self0_f1_t25_l100_r1.txt,neuro,biological/results/graphs/sweep_neuro/neuro_groundtruth.txt,14,25,100,1,True,False,0.957624
53,biological/results/generated_trajectories/sweep_neuro/sync1_self0_f1_t25_l100_r2.txt,neuro,biological/results/graphs/sweep_neuro/neuro_groundtruth.txt,14,25,100,1,True,False,0.957228
54,biological/results/generated_trajectories/sweep_neuro/sync1_self0_f1_t25_l150_r0.txt,neuro,biological/results/graphs/sweep_neuro/neuro_groundtruth.txt,14,25,150,1,True,False,0.971921
55,biological/results/generated_trajectories/sweep_neuro/sync1_self0_f1_t25_l150_r1.txt,neuro,biological/results/graphs/sweep_neuro/neuro_groundtruth.txt,14,25,150,1,True,False,0.970861
56,biological/results/generated_trajectories/sweep_neuro/sync1_self0_f1_t25_l150_r2.txt,neuro,biological/results/graphs/sweep_neuro/neuro_groundtruth.txt,14,25,150,1,True,False,0.970861
57,biological/results/generated_trajectories/sweep_neuro/sync1_self0_f1_t25_l200_r0.txt,neuro,biological/results/graphs/sweep_neuro/neuro_groundtruth.txt,14,25,200,1,True,False,0.978109
58,biological/results/generated_trajectories/sweep_neuro/sync1_self0_f1_t25_l200_r1.txt,neuro,biological/results/graphs/sweep_neuro/neuro_groundtruth.txt,14,25,200,1,True,False,0.978706
59,biological/results/generated_trajectories/sweep_neuro/sync1_self0_f1_t25_l200_r2.txt,neuro,biological/results/graphs/sweep_neuro/neuro_groundtruth.txt,14,25,200,1,True,False,0.979502
60,biological/results/generated_trajectories/sweep_neuro/sync1_self0_f1_t30_l50_r0.txt,neuro,biological/results/graphs/sweep_neuro/neuro_groundtruth.txt,14,30,50,1,True,False,0.922222
61,biological/results/generated_trajectories/sweep_neuro/sync1_self0_f1_t30_l50_r1.txt,neuro,biological/results/graphs/sweep_neuro/neuro_groundtruth.txt,14,30,50,1,True,False,0.909150
62,biological/results/generated_trajectories/sweep_neuro/sync1_self0_f1_t30_l50_r2.txt,neuro,biological/results/graphs/sweep_neuro/neuro_groundtruth.txt,14,30,50,1,True,False,0.914379
63,biological/results/generated_trajectories/sweep_neuro/sync1_self0_f1_t30_l100_r0.txt,neuro,biological/results/graphs/sweep_neuro/neuro_groundtruth.txt,14,30,100,1,True,False,0.956436
64,biological/results/generated_trajectories/sweep_neuro/sync1_self0_f1_t30_l100_r1.txt,neuro,biological/results/graphs/sweep_neuro/neuro_groundtruth.txt,14,30,100,1,True,False,0.957426
65,biological/results/generated_trajectories/sweep_neuro/sync1_self0_f1_t30_l100_r2.txt,neuro,biological/results/graphs/sweep_neuro/neuro_groundtruth.txt,14,30,100,1,True,False,0.956766
66,biological/results/generated_trajectories/sweep_neuro/sync1_self0_f1_t30_l150_r0.txt,neuro,biological/results/graphs/sweep_neuro/neuro_groundtruth.txt,14,30,150,1,True,False,0.971965
67,biological/results/generated_trajectories/sweep_neuro/sync1_self0_f1_t30_l150_r1.txt,neuro,biological/results/graphs/sweep_neuro/neuro_groundtruth.txt,14,30,150,1,True,False,0.971523
68,biological/results/generated_trajectories/sweep_neuro/sync1_self0_f1_t30_l150_r2.txt,neuro,biological/results/graphs/sweep_neuro/neuro_groundtruth.txt,14,30,150,1,True,False,0.970861
69,biological/results/generated_trajectories/sweep_neuro/sync1_self0_f1_t30_l200_r0.txt,neuro,biological/results/graphs/sweep_neuro/neuro_groundtruth.txt,14,30,200,1,True,False,0.978441
70,biological/results/generated_trajectories/sweep_neuro/sync1_self0_f1_t30_l200_r1.txt,neuro,biological/results/graphs/sweep_neuro/neuro_groundtruth.txt,14,30,200,1,True,False,0.978607
71,biological/results/generated_trajectories/sweep_neuro/sync1_self0_f1_t30_l200_r2.txt,neuro,biological/results/graphs/sweep_neuro/neuro_groundtruth.txt,14,30,200,1,True,False,0.979104
72,biological/results/generated_trajectories/sweep_neuro/sync1_self0_f2_t5_l50_r0.txt,neuro,biological/results/graphs/sweep_neuro/neuro_groundtruth.txt,14,5,50,2,True,False,0.900000
73,biological/results/generated_trajectories/sweep_neuro/sync1_self0_f2_t5_l50_r1.txt,neuro,biological/results/graphs/sweep_neuro/neuro_groundtruth.txt,14,5,50,2,True,False,0.900000
74,biological/results/generated_trajectories/sweep_neuro/sync1_self0_f2_t5_l50_r2.txt,neuro,biological/results/graphs/sweep_neuro/neuro_groundtruth.txt,14,5,50,2,True,False,0.892308
75,biological/results/generated_trajectories/sweep_neuro/sync1_self0_f2_t5_l100_r0.txt,neuro,biological/results/graphs/sweep_neuro/neuro_groundtruth.txt,14,5,100,2,True,False,0.945098
76,biological/results/generated_trajectories/sweep_neuro/sync1_self0_f2_t5_l100_r1.txt,neuro,biological/results/graphs/sweep_neuro/neuro_groundtruth.txt,14,5,100,2,True,False,0.956863
77,biological/results/generated_trajectories/sweep_neuro/sync1_self0_f2_t5_l100_r2.txt,neuro,biological/results/graphs/sweep_neuro/neuro_groundtruth.txt,14,5,100,2,True,False,0.949020
78,biological/results/generated_trajectories/sweep_neuro/sync1_self0_f2_t5_l150_r0.txt,neuro,biological/results/graphs/sweep_neuro/neuro_groundtruth.txt,14,5,150,2,True,False,0.963158
79,biological/results/generated_trajectories/sweep_neuro/sync1_self0_f2_t5_l150_r1.txt,neuro,biological/results/graphs/sweep_neuro/neuro_groundtruth.txt,14,5,150,2,True,False,0.968421
80,biological/results/generated_trajectories/sweep_neuro/sync1_self0_f2_t5_l150_r2.txt,neuro,biological/results/graphs/sweep_neuro/neuro_groundtruth.txt,14,5,150,2,True,False,0.971053
81,biological/results/generated_trajectories/sweep_neuro/sync1_self0_f2_t5_l200_r0.txt,neuro,biological/results/graphs/sweep_neuro/neuro_groundtruth.txt,14,5,200,2,True,False,0.974257
82,biological/results/generated_trajectories/sweep_neuro/sync1_self0_f2_t5_l200_r1.txt,neuro,biological/results/graphs/sweep_neuro/neuro_groundtruth.txt,14,5,200,2,True,False,0.974257
83,biological/results/generated_trajectories/sweep_neuro/sync1_self0_f2_t5_l200_r2.txt,neuro,biological/results/graphs/sweep_neuro/neuro_groundtruth.txt,14,5,200,2,True,False,0.976238
84,biological/results/generated_trajectories/sweep_neuro/sync1_self0_f2_t10_l50_r0.txt,neuro,biological/results/graphs/sweep_neuro/neuro_groundtruth.txt,14,10,50,2,True,False,0.907692
85,biological/results/generated_trajectories/sweep_neuro/sync1_self0_f2_t10_l50_r1.txt,neuro,biological/results/graphs/sweep_neuro/neuro_groundtruth.txt,14,10,50,2,True,False,0.903846
86,biological/results/generated_trajectories/sweep_neuro/sync1_self0_f2_t10_l50_r2.txt,neuro,biological/results/graphs/sweep_neuro/neuro_groundtruth.txt,14,10,50,2,True,False,0.900000
87,biological/results/generated_trajectories/sweep_neuro/sync1_self0_f2_t10_l100_r0.txt,neuro,biological/results/graphs/sweep_neuro/neuro_groundtruth.txt,14,10,100,2,True,False,0.947059
88,biological/results/generated_trajectories/sweep_neuro/sync1_self0_f2_t10_l100_r1.txt,neuro,biological/results/graphs/sweep_neuro/neuro_groundtruth.txt,14,10,100,2,True,False,0.952941
89,biological/results/generated_trajectories/sweep_neuro/sync1_self0_f2_t10_l100_r2.txt,neuro,biological/results/graphs/sweep_neuro/neuro_groundtruth.txt,14,10,100,2,True,False,0.949020
90,biological/results/generated_trajectories/sweep_neuro/sync1_self0_f2_t10_l150_r0.txt,neuro,biological/results/graphs/sweep_neuro/neuro_groundtruth.txt,14,10,150,2,True,False,0.965789
91,biological/results/generated_trajectories/sweep_neuro/sync1_self0_f2_t10_l150_r1.txt,neuro,biological/results/graphs/sweep_neuro/neuro_groundtruth.txt,14,10,150,2,True,False,0.968421
92,biological/results/generated_trajectories/sweep_neuro/sync1_self0_f2_t10_l150_r2.txt,neuro,biological/results/graphs/sweep_neuro/neuro_groundtruth.txt,14,10,150,2,True,False,0.968421
93,biological/results/generated_trajectories/sweep_neuro/sync1_self0_f2_t10_l200_r0.txt,neuro,biological/results/graphs/sweep_neuro/neuro_groundtruth.txt,14,10,200,2,True,False,0.976238
94,biological/results/generated_trajectories/sweep_neuro/sync1_self0_f2_t10_l200_r1.txt,neuro,biological/results/graphs/sweep_neuro/neuro_groundtruth.txt,14,10,200,2,True,False,0.975248
95,biological/results/generated_trajectories/sweep_neuro/sync1_self0_f2_t10_l200_r2.txt,neuro,biological/results/graphs/sweep_neuro/neuro_groundtruth.txt,14,10,200,2,True,False,0.978218
96,biological/results/generated_trajectories/sweep_neuro/sync1_self0_f2_t15_l50_r0.txt,neuro,biological/results/graphs/sweep_neuro/neuro_groundtruth.txt,14,15,50,2,True,False,0.917949
97,biological/results/generated_trajectories/sweep_neuro/sync1_self0_f2_t15_l50_r1.txt,neuro,biological/results/graphs/sweep_neuro/neuro_groundtruth.txt,14,15,50,2,True,False,0.900000
98,biological/results/generated_trajectories/sweep_neuro/sync1_self0_f2_t15_l50_r2.txt,neuro,biological/results/graphs/sweep_neuro/neuro_groundtruth.txt,14,15,50,2,True,False,0.902564
99,biological/results/generated_trajectories/sweep_neuro/sync1_self0_f2_t15_l100_r0.txt,neuro,biological/results/graphs/sweep_neuro/neuro_groundtruth.txt,14,15,100,2,True,False,0.949020
100,biological/results/generated_trajectories/sweep_neuro/sync1_self0_f2_t15_l100_r1.txt,neuro,biological/results/graphs/sweep_neuro/neuro_groundtruth.txt,14,15,100,2,True,False,0.951634
101,biological/results/generated_trajectories/sweep_neuro/sync1_self0_f2_t15_l100_r2.txt,neuro,biological/results/graphs/sweep_neuro/neuro_groundtruth.txt,14,15,100,2,True,False,0.951634
102,biological/results/generated_trajectories/sweep_neuro/sync1_self0_f2_t15_l150_r0.txt,neuro,biological/results/graphs/sweep_neuro/neuro_groundtruth.txt,14,15,150,2,True,False,0.967544
103,biological/results/generated_trajectories/sweep_neuro/sync1_self0_f2_t15_l150_r1.txt,neuro,biological/results/graphs/sweep_neuro/neuro_groundtruth.txt,14,15,150,2,True,False,0.967544
104,biological/results/generated_trajectories/sweep_neuro/sync1_self0_f2_t15_l150_r2.txt,neuro,biological/results/graphs/sweep_neuro/neuro_groundtruth.txt,14,15,150,2,True,False,0.967544
105,biological/results/generated_trajectories/sweep_neuro/sync1_self0_f2_t15_l200_r0.txt,neuro,biological/results/graphs/sweep_neuro/neuro_groundtruth.txt,14,15,200,2,True,False,0.975578
106,biological/results/generated_trajectories/sweep_neuro/sync1_self0_f2_t15_l200_r1.txt,neuro,biological/results/graphs/sweep_neuro/neuro_groundtruth.txt,14,15,200,2,True,False,0.974917
107,biological/results/generated_trajectories/sweep_neuro/sync1_self0_f2_t15_l200_r2.txt,neuro,biological/results/graphs/sweep_neuro/neuro_groundtruth.txt,14,15,200,2,True,False,0.978218
108,biological/results/generated_trajectories/sweep_neuro/sync1_self0_f2_t20_l50_r0.txt,neuro,biological/results/graphs/sweep_neuro/neuro_groundtruth.txt,14,20,50,2,True,False,0.915385
109,biological/results/generated_trajectories/sweep_neuro/sync1_self0_f2_t20_l50_r1.txt,neuro,biological/results/graphs/sweep_neuro/neuro_groundtruth.txt,14,20,50,2,True,False,0.901923
110,biological/results/generated_trajectories/sweep_neuro/sync1_self0_f2_t20_l50_r2.txt,neuro,biological/results/graphs/sweep_neuro/neuro_groundtruth.txt,14,20,50,2,True,False,0.901923
111,biological/results/generated_trajectories/sweep_neuro/sync1_self0_f2_t20_l100_r0.txt,neuro,biological/results/graphs/sweep_neuro/neuro_groundtruth.txt,14,20,100,2,True,False,0.950000
112,biological/results/generated_trajectories/sweep_neuro/sync1_self0_f2_t20_l100_r1.txt,neuro,biological/results/graphs/sweep_neuro/neuro_groundtruth.txt,14,20,100,2,True,False,0.951961
113,biological/results/generated_trajectories/sweep_neuro/sync1_self0_f2_t20_l100_r2.txt,neuro,biological/results/graphs/sweep_neuro/neuro_groundtruth.txt,14,20,100,2,True,False,0.951961
114,biological/results/generated_trajectories/sweep_neuro/sync1_self0_f2_t20_l150_r0.txt,neuro,biological/results/graphs/sweep_neuro/neuro_groundtruth.txt,14,20,150,2,True,False,0.967105
115,biological/results/generated_trajectories/sweep_neuro/sync1_self0_f2_t20_l150_r1.txt,neuro,biological/results/graphs/sweep_neuro/neuro_groundtruth.txt,14,20,150,2,True,False,0.966447
116,biological/results/generated_trajectories/sweep_neuro/sync1_self0_f2_t20_l150_r2.txt,neuro,biological/results/graphs/sweep_neuro/neuro_groundtruth.txt,14,20,150,2,True,False,0.967105
117,biological/results/generated_trajectories/sweep_neuro/sync1_self0_f2_t20_l200_r0.txt,neuro,biological/results/graphs/sweep_neuro/neuro_groundtruth.txt,14,20,200,2,True,False,0.975743
118,biological/results/generated_trajectories/sweep_neuro/sync1_self0_f2_t20_l200_r1.txt,neuro,biological/results/graphs/sweep_neuro/neuro_groundtruth.txt,14,20,200,2,True,False,0.975743
119,biological/results/generated_trajectories/sweep_neuro/sync1_self0_f2_t20_l200_r2.txt,neuro,biological/results/graphs/sweep_neuro/neuro_groundtruth.txt,14,20,200,2,True,False,0.978218
120,biological/results/generated_trajectories/sweep_neuro/sync1_self0_f2_t25_l50_r0.txt,neuro,biological/results/graphs/sweep_neuro/neuro_groundtruth.txt,14,25,50,2,True,False,0.913846
121,biological/results/generated_trajectories/sweep_neuro/sync1_self0_f2_t25_l50_r1.txt,neuro,biological/results/graphs/sweep_neuro/neuro_groundtruth.txt,14,25,50,2,True,False,0.900000
122,biological/results/generated_trajectories/sweep_neuro/sync1_self0_f2_t25_l50_r2.txt,neuro,biological/results/graphs/sweep_neuro/neuro_groundtruth.txt,14,25,50,2,True,False,0.904615
123,biological/results/generated_trajectories/sweep_neuro/sync1_self0_f2_t25_l100_r0.txt,neuro,biological/results/graphs/sweep_neuro/neuro_groundtruth.txt,14,25,100,2,True,False,0.950588
124,biological/results/generated_trajectories/sweep_neuro/sync1_self0_f2_t25_l100_r1.txt,neuro,biological/results/graphs/sweep_neuro/neuro_groundtruth.txt,14,25,100,2,True,False,0.951373
125,biological/results/generated_trajectories/sweep_neuro/sync1_self0_f2_t25_l100_r2.txt,neuro,biological/results/graphs/sweep_neuro/neuro_groundtruth.txt,14,25,100,2,True,False,0.950588
126,biological/results/generated_trajectories/sweep_neuro/sync1_self0_f2_t25_l150_r0.txt,neuro,biological/results/graphs/sweep_neuro/neuro_groundtruth.txt,14,25,150,2,True,False,0.966842
127,biological/results/generated_trajectories/sweep_neuro/sync1_self0_f2_t25_l150_r1.txt,neuro,biological/results/graphs/sweep_neuro/neuro_groundtruth.txt,14,25,150,2,True,False,0.966316
128,biological/results/generated_trajectories/sweep_neuro/sync1_self0_f2_t25_l150_r2.txt,neuro,biological/results/graphs/sweep_neuro/neuro_groundtruth.txt,14,25,150,2,True,False,0.966842
129,biological/results/generated_trajectories/sweep_neuro/sync1_self0_f2_t25_l200_r0.txt,neuro,biological/results/graphs/sweep_neuro/neuro_groundtruth.txt,14,25,200,2,True,False,0.975446
130,biological/results/generated_trajectories/sweep_neuro/sync1_self0_f2_t25_l200_r1.txt,neuro,biological/results/graphs/sweep_neuro/neuro_groundtruth.txt,14,25,200,2,True,False,0.976238
131,biological/results/generated_trajectories/sweep_neuro/sync1_self0_f2_t25_l200_r2.txt,neuro,biological/results/graphs/sweep_neuro/neuro_groundtruth.txt,14,25,200,2,True,False,0.977426
132,biological/results/generated_trajectories/sweep_neuro/sync1_self0_f2_t30_l50_r0.txt,neuro,biological/results/graphs/sweep_neuro/neuro_groundtruth.txt,14,30,50,2,True,False,0.914103
133,biological/results/generated_trajectories/sweep_neuro/sync1_self0_f2_t30_l50_r1.txt,neuro,biological/results/graphs/sweep_neuro/neuro_groundtruth.txt,14,30,50,2,True,False,0.898718
134,biological/results/generated_trajectories/sweep_neuro/sync1_self0_f2_t30_l50_r2.txt,neuro,biological/results/graphs/sweep_neuro/neuro_groundtruth.txt,14,30,50,2,True,False,0.902564
135,biological/results/generated_trajectories/sweep_neuro/sync1_self0_f2_t30_l100_r0.txt,neuro,biological/results/graphs/sweep_neuro/neuro_groundtruth.txt,14,30,100,2,True,False,0.949673
136,biological/results/generated_trajectories/sweep_neuro/sync1_self0_f2_t30_l100_r1.txt,neuro,biological/results/graphs/sweep_neuro/neuro_groundtruth.txt,14,30,100,2,True,False,0.950980
137,biological/results/generated_trajectories/sweep_neuro/sync1_self0_f2_t30_l100_r2.txt,neuro,biological/results/graphs/sweep_neuro/neuro_groundtruth.txt,14,30,100,2,True,False,0.949673
138,biological/results/generated_trajectories/sweep_neuro/sync1_self0_f2_t30_l150_r0.txt,neuro,biological/results/graphs/sweep_neuro/neuro_groundtruth.txt,14,30,150,2,True,False,0.967105
139,biological/results/generated_trajectories/sweep_neuro/sync1_self0_f2_t30_l150_r1.txt,neuro,biological/results/graphs/sweep_neuro/neuro_groundtruth.txt,14,30,150,2,True,False,0.967544
140,biological/results/generated_trajectories/sweep_neuro/sync1_self0_f2_t30_l150_r2.txt,neuro,biological/results/graphs/sweep_neuro/neuro_groundtruth.txt,14,30,150,2,True,False,0.967105
141,biological/results/generated_trajectories/sweep_neuro/sync1_self0_f2_t30_l200_r0.txt,neuro,biological/results/graphs/sweep_neuro/neuro_groundtruth.txt,14,30,200,2,True,False,0.975908
142,biological/results/generated_trajectories/sweep_neuro/sync1_self0_f2_t30_l200_r1.txt,neuro,biological/results/graphs/sweep_neuro/neuro_groundtruth.txt,14,30,200,2,True,False,0.975908
143,biological/results/generated_trajectories/sweep_neuro/sync1_self0_f2_t30_l200_r2.txt,neuro,biological/results/graphs/sweep_neuro/neuro_groundtruth.txt,14,30,200,2,True,False,0.976898
144,biological/results/generated_trajectories/sweep_neuro/sync0_self0_f1_t5_l50_r0.txt,neuro,biological/results/graphs/sweep_neuro/neuro_groundtruth.txt,14,5,50,1,False,False,0.686275
145,biological/results/generated_trajectories/sweep_neuro/sync0_self0_f1_t5_l50_r1.txt,neuro,biological/results/graphs/sweep_neuro/neuro_groundtruth.txt,14,5,50,1,False,False,0.662745
146,biological/results/generated_trajectories/sweep_neuro/sync0_self0_f1_t5_l50_r2.txt,neuro,biological/results/graphs/sweep_neuro/neuro_groundtruth.txt,14,5,50,1,False,False,0.482353
147,biological/results/generated_trajectories/sweep_neuro/sync0_self0_f1_t5_l100_r0.txt,neuro,biological/results/graphs/sweep_neuro/neuro_groundtruth.txt,14,5,100,1,False,False,0.831683
148,biological/results/generated_trajectories/sweep_neuro/sync0_self0_f1_t5_l100_r1.txt,neuro,biological/results/graphs/sweep_neuro/neuro_groundtruth.txt,14,5,100,1,False,False,0.877228
149,biological/results/generated_trajectories/sweep_neuro/sync0_self0_f1_t5_l100_r2.txt,neuro,biological/results/graphs/sweep_neuro/neuro_groundtruth.txt,14,5,100,1,False,False,0.796040
150,biological/results/generated_trajectories/sweep_neuro/sync0_self0_f1_t5_l150_r0.txt,neuro,biological/results/graphs/sweep_neuro/neuro_groundtruth.txt,14,5,150,1,False,False,0.887417
151,biological/results/generated_trajectories/sweep_neuro/sync0_self0_f1_t5_l150_r1.txt,neuro,biological/results/graphs/sweep_neuro/neuro_groundtruth.txt,14,5,150,1,False,False,0.904636
152,biological/results/generated_trajectories/sweep_neuro/sync0_self0_f1_t5_l150_r2.txt,neuro,biological/results/graphs/sweep_neuro/neuro_groundtruth.txt,14,5,150,1,False,False,0.892715
153,biological/results/generated_trajectories/sweep_neuro/sync0_self0_f1_t5_l200_r0.txt,neuro,biological/results/graphs/sweep_neuro/neuro_groundtruth.txt,14,5,200,1,False,False,0.929353
154,biological/results/generated_trajectories/sweep_neuro/sync0_self0_f1_t5_l200_r1.txt,neuro,biological/results/graphs/sweep_neuro/neuro_groundtruth.txt,14,5,200,1,False,False,0.913433
155,biological/results/generated_trajectories/sweep_neuro/sync0_self0_f1_t5_l200_r2.txt,neuro,biological/results/graphs/sweep_neuro/neuro_groundtruth.txt,14,5,200,1,False,False,0.905473
156,biological/results/generated_trajectories/sweep_neuro/sync0_self0_f1_t10_l50_r0.txt,neuro,biological/results/graphs/sweep_neuro/neuro_groundtruth.txt,14,10,50,1,False,False,0.715686
157,biological/results/generated_trajectories/sweep_neuro/sync0_self0_f1_t10_l50_r1.txt,neuro,biological/results/graphs/sweep_neuro/neuro_groundtruth.txt,14,10,50,1,False,False,0.672549
158,biological/results/generated_trajectories/sweep_neuro/sync0_self0_f1_t10_l50_r2.txt,neuro,biological/results/graphs/sweep_neuro/neuro_groundtruth.txt,14,10,50,1,False,False,0.545098
159,biological/results/generated_trajectories/sweep_neuro/sync0_self0_f1_t10_l100_r0.txt,neuro,biological/results/graphs/sweep_neuro/neuro_groundtruth.txt,14,10,100,1,False,False,0.813861
160,biological/results/generated_trajectories/sweep_neuro/sync0_self0_f1_t10_l100_r1.txt,neuro,biological/results/graphs/sweep_neuro/neuro_groundtruth.txt,14,10,100,1,False,False,0.842574
161,biological/results/generated_trajectories/sweep_neuro/sync0_self0_f1_t10_l100_r2.txt,neuro,biological/results/graphs/sweep_neuro/neuro_groundtruth.txt,14,10,100,1,False,False,0.794059
162,biological/results/generated_trajectories/sweep_neuro/sync0_self0_f1_t10_l150_r0.txt,neuro,biological/results/graphs/sweep_neuro/neuro_groundtruth.txt,14,10,150,1,False,False,0.884768
163,biological/results/generated_trajectories/sweep_neuro/sync0_self0_f1_t10_l150_r1.txt,neuro,biological/results/graphs/sweep_neuro/neuro_groundtruth.txt,14,10,150,1,False,False,0.882781
164,biological/results/generated_trajectories/sweep_neuro/sync0_self0_f1_t10_l150_r2.txt,neuro,biological/results/graphs/sweep_neuro/neuro_groundtruth.txt,14,10,150,1,False,False,0.868212
165,biological/results/generated_trajectories/sweep_neuro/sync0_self0_f1_t10_l200_r0.txt,neuro,biological/results/graphs/sweep_neuro/neuro_groundtruth.txt,14,10,200,1,False,False,0.927861
166,biological/results/generated_trajectories/sweep_neuro/sync0_self0_f1_t10_l200_r1.txt,neuro,biological/results/graphs/sweep_neuro/neuro_groundtruth.txt,14,10,200,1,False,False,0.909453
167,biological/results/generated_trajectories/sweep_neuro/sync0_self0_f1_t10_l200_r2.txt,neuro,biological/results/graphs/sweep_neuro/neuro_groundtruth.txt,14,10,200,1,False,False,0.921393
168,biological/results/generated_trajectories/sweep_neuro/sync0_self0_f1_t15_l50_r0.txt,neuro,biological/results/graphs/sweep_neuro/neuro_groundtruth.txt,14,15,50,1,False,False,0.734641
169,biological/results/generated_trajectories/sweep_neuro/sync0_self0_f1_t15_l50_r1.txt,neuro,biological/results/graphs/sweep_neuro/neuro_groundtruth.txt,14,15,50,1,False,False,0.662745
170,biological/results/generated_trajectories/sweep_neuro/sync0_self0_f1_t15_l50_r2.txt,neuro,biological/results/graphs/sweep_neuro/neuro_groundtruth.txt,14,15,50,1,False,False,0.589542
171,biological/results/generated_trajectories/sweep_neuro/sync0_self0_f1_t15_l100_r0.txt,neuro,biological/results/graphs/sweep_neuro/neuro_groundtruth.txt,14,15,100,1,False,False,0.819142
172,biological/results/generated_trajectories/sweep_neuro/sync0_self0_f1_t15_l100_r1.txt,neuro,biological/results/graphs/sweep_neuro/neuro_groundtruth.txt,14,15,100,1,False,False,0.846865
173,biological/results/generated_trajectories/sweep_neuro/sync0_self0_f1_t15_l100_r2.txt,neuro,biological/results/graphs/sweep_neuro/neuro_groundtruth.txt,14,15,100,1,False,False,0.812541
174,biological/results/generated_trajectories/sweep_neuro/sync0_self0_f1_t15_l150_r0.txt,neuro,biological/results/graphs/sweep_neuro/neuro_groundtruth.txt,14,15,150,1,False,False,0.883885
175,biological/results/generated_trajectories/sweep_neuro/sync0_self0_f1_t15_l150_r1.txt,neuro,biological/results/graphs/sweep_neuro/neuro_groundtruth.txt,14,15,150,1,False,False,0.892274
176,biological/results/generated_trajectories/sweep_neuro/sync0_self0_f1_t15_l150_r2.txt,neuro,biological/results/graphs/sweep_neuro/neuro_groundtruth.txt,14,15,150,1,False,False,0.867108
177,biological/results/generated_trajectories/sweep_neuro/sync0_self0_f1_t15_l200_r0.txt,neuro,biological/results/graphs/sweep_neuro/neuro_groundtruth.txt,14,15,200,1,False,False,0.926700
178,biological/results/generated_trajectories/sweep_neuro/sync0_self0_f1_t15_l200_r1.txt,neuro,biological/results/graphs/sweep_neuro/neuro_groundtruth.txt,14,15,200,1,False,False,0.915423
179,biological/results/generated_trajectories/sweep_neuro/sync0_self0_f1_t15_l200_r2.txt,neuro,biological/results/graphs/sweep_neuro/neuro_groundtruth.txt,14,15,200,1,False,False,0.919735
180,biological/results/generated_trajectories/sweep_neuro/sync0_self0_f1_t20_l50_r0.txt,neuro,biological/results/graphs/sweep_neuro/neuro_groundtruth.txt,14,20,50,1,False,False,0.699020
181,biological/results/generated_trajectories/sweep_neuro/sync0_self0_f1_t20_l50_r1.txt,neuro,biological/results/graphs/sweep_neuro/neuro_groundtruth.txt,14,20,50,1,False,False,0.642157
182,biological/results/generated_trajectories/sweep_neuro/sync0_self0_f1_t20_l50_r2.txt,neuro,biological/results/graphs/sweep_neuro/neuro_groundtruth.txt,14,20,50,1,False,False,0.603922
183,biological/results/generated_trajectories/sweep_neuro/sync0_self0_f1_t20_l100_r0.txt,neuro,biological/results/graphs/sweep_neuro/neuro_groundtruth.txt,14,20,100,1,False,False,0.823267
184,biological/results/generated_trajectories/sweep_neuro/sync0_self0_f1_t20_l100_r1.txt,neuro,biological/results/graphs/sweep_neuro/neuro_groundtruth.txt,14,20,100,1,False,False,0.842574
185,biological/results/generated_trajectories/sweep_neuro/sync0_self0_f1_t20_l100_r2.txt,neuro,biological/results/graphs/sweep_neuro/neuro_groundtruth.txt,14,20,100,1,False,False,0.828218
186,biological/results/generated_trajectories/sweep_neuro/sync0_self0_f1_t20_l150_r0.txt,neuro,biological/results/graphs/sweep_neuro/neuro_groundtruth.txt,14,20,150,1,False,False,0.876821
187,biological/results/generated_trajectories/sweep_neuro/sync0_self0_f1_t20_l150_r1.txt,neuro,biological/results/graphs/sweep_neuro/neuro_groundtruth.txt,14,20,150,1,False,False,0.886093
188,biological/results/generated_trajectories/sweep_neuro/sync0_self0_f1_t20_l150_r2.txt,neuro,biological/results/graphs/sweep_neuro/neuro_groundtruth.txt,14,20,150,1,False,False,0.876821
189,biological/results/generated_trajectories/sweep_neuro/sync0_self0_f1_t20_l200_r0.txt,neuro,biological/results/graphs/sweep_neuro/neuro_groundtruth.txt,14,20,200,1,False,False,0.927861
190,biological/results/generated_trajectories/sweep_neuro/sync0_self0_f1_t20_l200_r1.txt,neuro,biological/results/graphs/sweep_neuro/neuro_groundtruth.txt,14,20,200,1,False,False,0.915423
191,biological/results/generated_trajectories/sweep_neuro/sync0_self0_f1_t20_l200_r2.txt,neuro,biological/results/graphs/sweep_neuro/neuro_groundtruth.txt,14,20,200,1,False,False,0.917910
192,biological/results/generated_trajectories/sweep_neuro/sync0_self0_f1_t25_l50_r0.txt,neuro,biological/results/graphs/sweep_neuro/neuro_groundtruth.txt,14,25,50,1,False,False,0.701961
193,biological/results/generated_trajectories/sweep_neuro/sync0_self0_f1_t25_l50_r1.txt,neuro,biological/results/graphs/sweep_neuro/neuro_groundtruth.txt,14,25,50,1,False,False,0.638431
194,biological/results/generated_trajectories/sweep_neuro/sync0_self0_f1_t25_l50_r2.txt,neuro,biological/results/graphs/sweep_neuro/neuro_groundtruth.txt,14,25,50,1,False,False,0.606275
195,biological/results/generated_trajectories/sweep_neuro/sync0_self0_f1_t25_l100_r0.txt,neuro,biological/results/graphs/sweep_neuro/neuro_groundtruth.txt,14,25,100,1,False,False,0.820198
196,biological/results/generated_trajectories/sweep_neuro/sync0_self0_f1_t25_l100_r1.txt,neuro,biological/results/graphs/sweep_neuro/neuro_groundtruth.txt,14,25,100,1,False,False,0.841188
197,biological/results/generated_trajectories/sweep_neuro/sync0_self0_f1_t25_l100_r2.txt,neuro,biological/results/graphs/sweep_neuro/neuro_groundtruth.txt,14,25,100,1,False,False,0.827723
198,biological/results/generated_trajectories/sweep_neuro/sync0_self0_f1_t25_l150_r0.txt,neuro,biological/results/graphs/sweep_neuro/neuro_groundtruth.txt,14,25,150,1,False,False,0.878675
199,biological/results/generated_trajectories/sweep_neuro/sync0_self0_f1_t25_l150_r1.txt,neuro,biological/results/graphs/sweep_neuro/neuro_groundtruth.txt,14,25,150,1,False,False,0.889272
200,biological/results/generated_trajectories/sweep_neuro/sync0_self0_f1_t25_l150_r2.txt,neuro,biological/results/graphs/sweep_neuro/neuro_groundtruth.txt,14,25,150,1,False,False,0.877881
201,biological/results/generated_trajectories/sweep_neuro/sync0_self0_f1_t25_l200_r0.txt,neuro,biological/results/graphs/sweep_neuro/neuro_groundtruth.txt,14,25,200,1,False,False,0.922388
202,biological/results/generated_trajectories/sweep_neuro/sync0_self0_f1_t25_l200_r1.txt,neuro,biological/results/graphs/sweep_neuro/neuro_groundtruth.txt,14,25,200,1,False,False,0.914826
203,biological/results/generated_trajectories/sweep_neuro/sync0_self0_f1_t25_l200_r2.txt,neuro,biological/results/graphs/sweep_neuro/neuro_groundtruth.txt,14,25,200,1,False,False,0.915423
204,biological/results/generated_trajectories/sweep_neuro/sync0_self0_f1_t30_l50_r0.txt,neuro,biological/results/graphs/sweep_neuro/neuro_groundtruth.txt,14,30,50,1,False,False,0.700654
205,biological/results/generated_trajectories/sweep_neuro/sync0_self0_f1_t30_l50_r1.txt,neuro,biological/results/graphs/sweep_neuro/neuro_groundtruth.txt,14,30,50,1,False,False,0.632680
206,biological/results/generated_trajectories/sweep_neuro/sync0_self0_f1_t30_l50_r2.txt,neuro,biological/results/graphs/sweep_neuro/neuro_groundtruth.txt,14,30,50,1,False,False,0.615033
207,biological/results/generated_trajectories/sweep_neuro/sync0_self0_f1_t30_l100_r0.txt,neuro,biological/results/graphs/sweep_neuro/neuro_groundtruth.txt,14,30,100,1,False,False,0.825083
208,biological/results/generated_trajectories/sweep_neuro/sync0_self0_f1_t30_l100_r1.txt,neuro,biological/results/graphs/sweep_neuro/neuro_groundtruth.txt,14,30,100,1,False,False,0.843564
209,biological/results/generated_trajectories/sweep_neuro/sync0_self0_f1_t30_l100_r2.txt,neuro,biological/results/graphs/sweep_neuro/neuro_groundtruth.txt,14,30,100,1,False,False,0.820792
210,biological/results/generated_trajectories/sweep_neuro/sync0_self0_f1_t30_l150_r0.txt,neuro,biological/results/graphs/sweep_neuro/neuro_groundtruth.txt,14,30,150,1,False,False,0.880795
211,biological/results/generated_trajectories/sweep_neuro/sync0_self0_f1_t30_l150_r1.txt,neuro,biological/results/graphs/sweep_neuro/neuro_groundtruth.txt,14,30,150,1,False,False,0.889845
212,biological/results/generated_trajectories/sweep_neuro/sync0_self0_f1_t30_l150_r2.txt,neuro,biological/results/graphs/sweep_neuro/neuro_groundtruth.txt,14,30,150,1,False,False,0.880132
213,biological/results/generated_trajectories/sweep_neuro/sync0_self0_f1_t30_l200_r0.txt,neuro,biological/results/graphs/sweep_neuro/neuro_groundtruth.txt,14,30,200,1,False,False,0.925373
214,biological/results/generated_trajectories/sweep_neuro/sync0_self0_f1_t30_l200_r1.txt,neuro,biological/results/graphs/sweep_neuro/neuro_groundtruth.txt,14,30,200,1,False,False,0.916750
215,biological/results/generated_trajectories/sweep_neuro/sync0_self0_f1_t30_l200_r2.txt,neuro,biological/results/graphs/sweep_neuro/neuro_groundtruth.txt,14,30,200,1,False,False,0.917247
216,biological/results/generated_trajectories/sweep_neuro/sync0_self0_f2_t5_l50_r0.txt,neuro,biological/results/graphs/sweep_neuro/neuro_groundtruth.txt,14,5,50,2,False,False,0.684615
217,biological/results/generated_trajectories/sweep_neuro/sync0_self0_f2_t5_l50_r1.txt,neuro,biological/results/graphs/sweep_neuro/neuro_groundtruth.txt,14,5,50,2,False,False,0.653846
218,biological/results/generated_trajectories/sweep_neuro/sync0_self0_f2_t5_l50_r2.txt,neuro,biological/results/graphs/sweep_neuro/neuro_groundtruth.txt,14,5,50,2,False,False,0.476923
219,biological/results/generated_trajectories/sweep_neuro/sync0_self0_f2_t5_l100_r0.txt,neuro,biological/results/graphs/sweep_neuro/neuro_groundtruth.txt,14,5,100,2,False,False,0.831373
220,biological/results/generated_trajectories/sweep_neuro/sync0_self0_f2_t5_l100_r1.txt,neuro,biological/results/graphs/sweep_neuro/neuro_groundtruth.txt,14,5,100,2,False,False,0.870588
221,biological/results/generated_trajectories/sweep_neuro/sync0_self0_f2_t5_l100_r2.txt,neuro,biological/results/graphs/sweep_neuro/neuro_groundtruth.txt,14,5,100,2,False,False,0.792157
222,biological/results/generated_trajectories/sweep_neuro/sync0_self0_f2_t5_l150_r0.txt,neuro,biological/results/graphs/sweep_neuro/neuro_groundtruth.txt,14,5,150,2,False,False,0.886842
223,biological/results/generated_trajectories/sweep_neuro/sync0_self0_f2_t5_l150_r1.txt,neuro,biological/results/graphs/sweep_neuro/neuro_groundtruth.txt,14,5,150,2,False,False,0.900000
224,biological/results/generated_trajectories/sweep_neuro/sync0_self0_f2_t5_l150_r2.txt,neuro,biological/results/graphs/sweep_neuro/neuro_groundtruth.txt,14,5,150,2,False,False,0.892105
225,biological/results/generated_trajectories/sweep_neuro/sync0_self0_f2_t5_l200_r0.txt,neuro,biological/results/graphs/sweep_neuro/neuro_groundtruth.txt,14,5,200,2,False,False,0.928713
226,biological/results/generated_trajectories/sweep_neuro/sync0_self0_f2_t5_l200_r1.txt,neuro,biological/results/graphs/sweep_neuro/neuro_groundtruth.txt,14,5,200,2,False,False,0.908911
227,biological/results/generated_trajectories/sweep_neuro/sync0_self0_f2_t5_l200_r2.txt,neuro,biological/results/graphs/sweep_neuro/neuro_groundtruth.txt,14,5,200,2,False,False,0.902970
228,biological/results/generated_trajectories/sweep_neuro/sync0_self0_f2_t10_l50_r0.txt,neuro,biological/results/graphs/sweep_neuro/neuro_groundtruth.txt,14,10,50,2,False,False,0.711538
229,biological/results/generated_trajectories/sweep_neuro/sync0_self0_f2_t10_l50_r1.txt,neuro,biological/results/graphs/sweep_neuro/neuro_groundtruth.txt,14,10,50,2,False,False,0.665385
230,biological/results/generated_trajectories/sweep_neuro/sync0_self0_f2_t10_l50_r2.txt,neuro,biological/results/graphs/sweep_neuro/neuro_groundtruth.txt,14,10,50,2,False,False,0.542308
231,biological/results/generated_trajectories/sweep_neuro/sync0_self0_f2_t10_l100_r0.txt,neuro,biological/results/graphs/sweep_neuro/neuro_groundtruth.txt,14,10,100,2,False,False,0.809804
232,biological/results/generated_trajectories/sweep_neuro/sync0_self0_f2_t10_l100_r1.txt,neuro,biological/results/graphs/sweep_neuro/neuro_groundtruth.txt,14,10,100,2,False,False,0.839216
233,biological/results/generated_trajectories/sweep_neuro/sync0_self0_f2_t10_l100_r2.txt,neuro,biological/results/graphs/sweep_neuro/neuro_groundtruth.txt,14,10,100,2,False,False,0.788235
234,biological/results/generated_trajectories/sweep_neuro/sync0_self0_f2_t10_l150_r0.txt,neuro,biological/results/graphs/sweep_neuro/neuro_groundtruth.txt,14,10,150,2,False,False,0.882895
235,biological/results/generated_trajectories/sweep_neuro/sync0_self0_f2_t10_l150_r1.txt,neuro,biological/results/graphs/sweep_neuro/neuro_groundtruth.txt,14,10,150,2,False,False,0.880263
236,biological/results/generated_trajectories/sweep_neuro/sync0_self0_f2_t10_l150_r2.txt,neuro,biological/results/graphs/sweep_neuro/neuro_groundtruth.txt,14,10,150,2,False,False,0.865789
237,biological/results/generated_trajectories/sweep_neuro/sync0_self0_f2_t10_l200_r0.txt,neuro,biological/results/graphs/sweep_neuro/neuro_groundtruth.txt,14,10,200,2,False,False,0.926733
238,biological/results/generated_trajectories/sweep_neuro/sync0_self0_f2_t10_l200_r1.txt,neuro,biological/results/graphs/sweep_neuro/neuro_groundtruth.txt,14,10,200,2,False,False,0.905941
239,biological/results/generated_trajectories/sweep_neuro/sync0_self0_f2_t10_l200_r2.txt,neuro,biological/results/graphs/sweep_neuro/neuro_groundtruth.txt,14,10,200,2,False,False,0.918812
240,biological/results/generated_trajectories/sweep_neuro/sync0_self0_f2_t15_l50_r0.txt,neuro,biological/results/graphs/sweep_neuro/neuro_groundtruth.txt,14,15,50,2,False,False,0.730769
241,biological/results/generated_trajectories/sweep_neuro/sync0_self0_f2_t15_l50_r1.txt,neuro,biological/results/graphs/sweep_neuro/neuro_groundtruth.txt,14,15,50,2,False,False,0.653846
242,biological/results/generated_trajectories/sweep_neuro/sync0_self0_f2_t15_l50_r2.txt,neuro,biological/results/graphs/sweep_neuro/neuro_groundtruth.txt,14,15,50,2,False,False,0.584615
243,biological/results/generated_trajectories/sweep_neuro/sync0_self0_f2_t15_l100_r0.txt,neuro,biological/results/graphs/sweep_neuro/neuro_groundtruth.txt,14,15,100,2,False,False,0.814379
244,biological/results/generated_trajectories/sweep_neuro/sync0_self0_f2_t15_l100_r1.txt,neuro,biological/results/graphs/sweep_neuro/neuro_groundtruth.txt,14,15,100,2,False,False,0.843137
245,biological/results/generated_trajectories/sweep_neuro/sync0_self0_f2_t15_l100_r2.txt,neuro,biological/results/graphs/sweep_neuro/neuro_groundtruth.txt,14,15,100,2,False,False,0.807843
246,biological/results/generated_trajectories/sweep_neuro/sync0_self0_f2_t15_l150_r0.txt,neuro,biological/results/graphs/sweep_neuro/neuro_groundtruth.txt,14,15,150,2,False,False,0.881579
247,biological/results/generated_trajectories/sweep_neuro/sync0_self0_f2_t15_l150_r1.txt,neuro,biological/results/graphs/sweep_neuro/neuro_groundtruth.txt,14,15,150,2,False,False,0.890351
248,biological/results/generated_trajectories/sweep_neuro/sync0_self0_f2_t15_l150_r2.txt,neuro,biological/results/graphs/sweep_neuro/neuro_groundtruth.txt,14,15,150,2,False,False,0.864035
249,biological/results/generated_trajectories/sweep_neuro/sync0_self0_f2_t15_l200_r0.txt,neuro,biological/results/graphs/sweep_neuro/neuro_groundtruth.txt,14,15,200,2,False,False,0.925413
250,biological/results/generated_trajectories/sweep_neuro/sync0_self0_f2_t15_l200_r1.txt,neuro,biological/results/graphs/sweep_neuro/neuro_groundtruth.txt,14,15,200,2,False,False,0.912211
251,biological/results/generated_trajectories/sweep_neuro/sync0_self0_f2_t15_l200_r2.txt,neuro,biological/results/graphs/sweep_neuro/neuro_groundtruth.txt,14,15,200,2,False,False,0.917492
252,biological/results/generated_trajectories/sweep_neuro/sync0_self0_f2_t20_l50_r0.txt,neuro,biological/results/graphs/sweep_neuro/neuro_groundtruth.txt,14,20,50,2,False,False,0.694231
253,biological/results/generated_trajectories/sweep_neuro/sync0_self0_f2_t20_l50_r1.txt,neuro,biological/results/graphs/sweep_neuro/neuro_groundtruth.txt,14,20,50,2,False,False,0.634615
254,biological/results/generated_trajectories/sweep_neuro/sync0_self0_f2_t20_l50_r2.txt,neuro,biological/results/graphs/sweep_neuro/neuro_groundtruth.txt,14,20,50,2,False,False,0.598077
255,biological/results/generated_trajectories/sweep_neuro/sync0_self0_f2_t20_l100_r0.txt,neuro,biological/results/graphs/sweep_neuro/neuro_groundtruth.txt,14,20,100,2,False,False,0.817647
256,biological/results/generated_trajectories/sweep_neuro/sync0_self0_f2_t20_l100_r1.txt,neuro,biological/results/graphs/sweep_neuro/neuro_groundtruth.txt,14,20,100,2,False,False,0.839216
257,biological/results/generated_trajectories/sweep_neuro/sync0_self0_f2_t20_l100_r2.txt,neuro,biological/results/graphs/sweep_neuro/neuro_groundtruth.txt,14,20,100,2,False,False,0.823529
258,biological/results/generated_trajectories/sweep_neuro/sync0_self0_f2_t20_l150_r0.txt,neuro,biological/results/graphs/sweep_neuro/neuro_groundtruth.txt,14,20,150,2,False,False,0.874342
259,biological/results/generated_trajectories/sweep_neuro/sync0_self0_f2_t20_l150_r1.txt,neuro,biological/results/graphs/sweep_neuro/neuro_groundtruth.txt,14,20,150,2,False,False,0.883553
260,biological/results/generated_trajectories/sweep_neuro/sync0_self0_f2_t20_l150_r2.txt,neuro,biological/results/graphs/sweep_neuro/neuro_groundtruth.txt,14,20,150,2,False,False,0.874342
261,biological/results/generated_trajectories/sweep_neuro/sync0_self0_f2_t20_l200_r0.txt,neuro,biological/results/graphs/sweep_neuro/neuro_groundtruth.txt,14,20,200,2,False,False,0.926238
262,biological/results/generated_trajectories/sweep_neuro/sync0_self0_f2_t20_l200_r1.txt,neuro,biological/results/graphs/sweep_neuro/neuro_groundtruth.txt,14,20,200,2,False,False,0.912376
263,biological/results/generated_trajectories/sweep_neuro/sync0_self0_f2_t20_l200_r2.txt,neuro,biological/results/graphs/sweep_neuro/neuro_groundtruth.txt,14,20,200,2,False,False,0.915842
264,biological/results/generated_trajectories/sweep_neuro/sync0_self0_f2_t25_l50_r0.txt,neuro,biological/results/graphs/sweep_neuro/neuro_groundtruth.txt,14,25,50,2,False,False,0.696923
265,biological/results/generated_trajectories/sweep_neuro/sync0_self0_f2_t25_l50_r1.txt,neuro,biological/results/graphs/sweep_neuro/neuro_groundtruth.txt,14,25,50,2,False,False,0.630769
266,biological/results/generated_trajectories/sweep_neuro/sync0_self0_f2_t25_l50_r2.txt,neuro,biological/results/graphs/sweep_neuro/neuro_groundtruth.txt,14,25,50,2,False,False,0.601538
267,biological/results/generated_trajectories/sweep_neuro/sync0_self0_f2_t25_l100_r0.txt,neuro,biological/results/graphs/sweep_neuro/neuro_groundtruth.txt,14,25,100,2,False,False,0.814902
268,biological/results/generated_trajectories/sweep_neuro/sync0_self0_f2_t25_l100_r1.txt,neuro,biological/results/graphs/sweep_neuro/neuro_groundtruth.txt,14,25,100,2,False,False,0.838431
269,biological/results/generated_trajectories/sweep_neuro/sync0_self0_f2_t25_l100_r2.txt,neuro,biological/results/graphs/sweep_neuro/neuro_groundtruth.txt,14,25,100,2,False,False,0.823529
270,biological/results/generated_trajectories/sweep_neuro/sync0_self0_f2_t25_l150_r0.txt,neuro,biological/results/graphs/sweep_neuro/neuro_groundtruth.txt,14,25,150,2,False,False,0.876316
271,biological/results/generated_trajectories/sweep_neuro/sync0_self0_f2_t25_l150_r1.txt,neuro,biological/results/graphs/sweep_neuro/neuro_groundtruth.txt,14,25,150,2,False,False,0.886842
272,biological/results/generated_trajectories/sweep_neuro/sync0_self0_f2_t25_l150_r2.txt,neuro,biological/results/graphs/sweep_neuro/neuro_groundtruth.txt,14,25,150,2,False,False,0.875789
273,biological/results/generated_trajectories/sweep_neuro/sync0_self0_f2_t25_l200_r0.txt,neuro,biological/results/graphs/sweep_neuro/neuro_groundtruth.txt,14,25,200,2,False,False,0.920396
274,biological/results/generated_trajectories/sweep_neuro/sync0_self0_f2_t25_l200_r1.txt,neuro,biological/results/graphs/sweep_neuro/neuro_groundtruth.txt,14,25,200,2,False,False,0.912079
275,biological/results/generated_trajectories/sweep_neuro/sync0_self0_f2_t25_l200_r2.txt,neuro,biological/results/graphs/sweep_neuro/neuro_groundtruth.txt,14,25,200,2,False,False,0.913267
276,biological/results/generated_trajectories/sweep_neuro/sync0_self0_f2_t30_l50_r0.txt,neuro,biological/results/graphs/sweep_neuro/neuro_groundtruth.txt,14,30,50,2,False,False,0.696154
277,biological/results/generated_trajectories/sweep_neuro/sync0_self0_f2_t30_l50_r1.txt,neuro,biological/results/graphs/sweep_neuro/neuro_groundtruth.txt,14,30,50,2,False,False,0.626923
278,biological/results/generated_trajectories/sweep_neuro/sync0_self0_f2_t30_l50_r2.txt,neuro,biological/results/graphs/sweep_neuro/neuro_groundtruth.txt,14,30,50,2,False,False,0.611538
279,biological/results/generated_trajectories/sweep_neuro/sync0_self0_f2_t30_l100_r0.txt,neuro,biological/results/graphs/sweep_neuro/neuro_groundtruth.txt,14,30,100,2,False,False,0.819608
280,biological/results/generated_trajectories/sweep_neuro/sync0_self0_f2_t30_l100_r1.txt,neuro,biological/results/graphs/sweep_neuro/neuro_groundtruth.txt,14,30,100,2,False,False,0.840523
281,biological/results/generated_trajectories/sweep_neuro/sync0_self0_f2_t30_l100_r2.txt,neuro,biological/results/graphs/sweep_neuro/neuro_groundtruth.txt,14,30,100,2,False,False,0.816993
282,biological/results/generated_trajectories/sweep_neuro/sync0_self0_f2_t30_l150_r0.txt,neuro,biological/results/graphs/sweep_neuro/neuro_groundtruth.txt,14,30,150,2,False,False,0.878509
283,biological/results/generated_trajectories/sweep_neuro/sync0_self0_f2_t30_l150_r1.txt,neuro,biological/results/graphs/sweep_neuro/neuro_groundtruth.txt,14,30,150,2,False,False,0.887281
284,biological/results/generated_trajectories/sweep_neuro/sync0_self0_f2_t30_l150_r2.txt,neuro,biological/results/graphs/sweep_neuro/neuro_groundtruth.txt,14,30,150,2,False,False,0.878070
285,biological/results/generated_trajectories/sweep_neuro/sync0_self0_f2_t30_l200_r0.txt,neuro,biological/results/graphs/sweep_neuro/neuro_groundtruth.txt,14,30,200,2,False,False,0.923432
286,biological/results/generated_trajectories/sweep_neuro/sync0_self0_f2_t30_l200_r1.txt,neuro,biological/results/graphs/sweep_neuro/neuro_groundtruth.txt,14,30,200,2,False,False,0.914191
287,biological/results/generated_trajectories/sweep_neuro/sync0_self0_f2_t30_l200_r2.txt,neuro,biological/results/graphs/sweep_neuro/neuro_groundtruth.txt,14,30,200,2,False,False,0.915512
